entity_type,name,output_path,translation_status,source_count,source_repos,unresolved,notes
agent,academic-research-synthesizer,agents/academic-research-synthesizer.toml,english,1,am-will/codex-skills,false,english-normalized
agent,academic-researcher,agents/academic-researcher.toml,english,1,am-will/codex-skills,false,english-normalized
agent,accessibility-expert,agents/accessibility-expert.toml,english,1,am-will/codex-skills,false,english-normalized
agent,accessibility-specialist,agents/accessibility-specialist.toml,english,1,am-will/codex-skills,false,english-normalized
agent,accessibility-tester,agents/accessibility-tester.toml,english,1,VoltAgent/awesome-codex-subagents,false,english-normalized
agent,accessibility-wcag-auditor,agents/accessibility-wcag-auditor.toml,english,1,am-will/codex-skills,false,english-normalized
agent,actix-expert,agents/actix-expert.toml,english,1,am-will/codex-skills,false,english-normalized
agent,ad-security-reviewer,agents/ad-security-reviewer.toml,english,1,VoltAgent/awesome-codex-subagents,false,english-normalized
agent,agent-expert,agents/agent-expert.toml,english,1,am-will/codex-skills,false,english-normalized
agent,agent-installer,agents/agent-installer.toml,english,1,VoltAgent/awesome-codex-subagents,false,english-normalized
agent,agent-organizer,agents/agent-organizer.toml,english,1,VoltAgent/awesome-codex-subagents,false,english-normalized
agent,agents-config-block,agents/agents-config-block.toml,english,1,am-will/codex-skills,false,english-normalized
agent,ai-engineer,agents/ai-engineer.toml,english,2,"VoltAgent/awesome-codex-subagents,am-will/codex-skills",false,english-normalized
agent,android-expert,agents/android-expert.toml,english,1,am-will/codex-skills,false,english-normalized
agent,angular-architect,agents/angular-architect.toml,english,1,VoltAgent/awesome-codex-subagents,false,english-normalized
agent,angular-expert,agents/angular-expert.toml,english,1,am-will/codex-skills,false,english-normalized
agent,angularjs-expert,agents/angularjs-expert.toml,english,1,am-will/codex-skills,false,english-normalized
agent,ansible-expert,agents/ansible-expert.toml,english,1,am-will/codex-skills,false,english-normalized
agent,api-architect,agents/api-architect.toml,english,1,am-will/codex-skills,false,english-normalized
agent,api-designer,agents/api-designer.toml,english,3,"VoltAgent/awesome-codex-subagents,am-will/codex-skills",false,english-normalized
agent,api-documenter,agents/api-documenter.toml,english,2,"VoltAgent/awesome-codex-subagents,am-will/codex-skills",false,english-normalized
agent,api-security-audit,agents/api-security-audit.toml,english,1,am-will/codex-skills,false,english-normalized
agent,arbitrage-bot,agents/arbitrage-bot.toml,english,1,am-will/codex-skills,false,english-normalized
agent,architect,agents/architect.toml,english,2,am-will/codex-skills,false,english-normalized
agent,architect-review,agents/architect-review.toml,english,1,am-will/codex-skills,false,english-normalized
agent,architect-reviewer,agents/architect-reviewer.toml,english,1,VoltAgent/awesome-codex-subagents,false,english-normalized
agent,architecture-modernization-team,agents/architecture-modernization-team.toml,english,1,am-will/codex-skills,false,english-normalized
agent,arm-cortex-expert,agents/arm-cortex-expert.toml,english,1,am-will/codex-skills,false,english-normalized
agent,aspnet-core-expert,agents/aspnet-core-expert.toml,english,1,am-will/codex-skills,false,english-normalized
agent,astro-expert,agents/astro-expert.toml,english,1,am-will/codex-skills,false,english-normalized
agent,audio-quality-controller,agents/audio-quality-controller.toml,english,1,am-will/codex-skills,false,english-normalized
agent,auth0-expert,agents/auth0-expert.toml,english,1,am-will/codex-skills,false,english-normalized
agent,ava-expert,agents/ava-expert.toml,english,1,am-will/codex-skills,false,english-normalized
agent,azure-infra-engineer,agents/azure-infra-engineer.toml,english,1,VoltAgent/awesome-codex-subagents,false,english-normalized
agent,backend,agents/backend.toml,english,1,am-will/codex-skills,false,english-normalized
agent,backend-architect,agents/backend-architect.toml,english,1,am-will/codex-skills,false,english-normalized
agent,backend-delivery-team,agents/backend-delivery-team.toml,english,1,am-will/codex-skills,false,english-normalized
agent,backend-developer,agents/backend-developer.toml,english,2,"VoltAgent/awesome-codex-subagents,am-will/codex-skills",false,english-normalized
agent,backend-security-coder,agents/backend-security-coder.toml,english,1,am-will/codex-skills,false,english-normalized
agent,backend-typescript-architect,agents/backend-typescript-architect.toml,english,1,am-will/codex-skills,false,english-normalized
agent,bash-expert,agents/bash-expert.toml,english,1,am-will/codex-skills,false,english-normalized
agent,bash-pro,agents/bash-pro.toml,english,1,am-will/codex-skills,false,english-normalized
agent,blockchain-developer,agents/blockchain-developer.toml,english,2,"VoltAgent/awesome-codex-subagents,am-will/codex-skills",false,english-normalized
agent,braintree-expert,agents/braintree-expert.toml,english,1,am-will/codex-skills,false,english-normalized
agent,browser-debugger,agents/browser-debugger.toml,english,1,VoltAgent/awesome-codex-subagents,false,english-normalized
agent,build-engineer,agents/build-engineer.toml,english,1,VoltAgent/awesome-codex-subagents,false,english-normalized
agent,bullmq-expert,agents/bullmq-expert.toml,english,1,am-will/codex-skills,false,english-normalized
agent,bun-expert,agents/bun-expert.toml,english,1,am-will/codex-skills,false,english-normalized
agent,business-analyst,agents/business-analyst.toml,english,2,"VoltAgent/awesome-codex-subagents,am-will/codex-skills",false,english-normalized
agent,c-developer,agents/c-developer.toml,english,1,am-will/codex-skills,false,english-normalized
agent,c-expert,agents/c-expert.toml,english,1,am-will/codex-skills,false,english-normalized
agent,c-pro,agents/c-pro.toml,english,1,am-will/codex-skills,false,english-normalized
agent,c4-code,agents/c4-code.toml,english,1,am-will/codex-skills,false,english-normalized
agent,c4-component,agents/c4-component.toml,english,1,am-will/codex-skills,false,english-normalized
agent,c4-container,agents/c4-container.toml,english,1,am-will/codex-skills,false,english-normalized
agent,c4-context,agents/c4-context.toml,english,1,am-will/codex-skills,false,english-normalized
agent,cassandra-expert,agents/cassandra-expert.toml,english,1,am-will/codex-skills,false,english-normalized
agent,celery-expert,agents/celery-expert.toml,english,1,am-will/codex-skills,false,english-normalized
agent,chaos-engineer,agents/chaos-engineer.toml,english,1,VoltAgent/awesome-codex-subagents,false,english-normalized
agent,circleci-expert,agents/circleci-expert.toml,english,1,am-will/codex-skills,false,english-normalized
agent,cli-developer,agents/cli-developer.toml,english,1,VoltAgent/awesome-codex-subagents,false,english-normalized
agent,clojure-expert,agents/clojure-expert.toml,english,1,am-will/codex-skills,false,english-normalized
agent,cloud-architect,agents/cloud-architect.toml,english,2,"VoltAgent/awesome-codex-subagents,am-will/codex-skills",false,english-normalized
agent,cockroachdb-expert,agents/cockroachdb-expert.toml,english,1,am-will/codex-skills,false,english-normalized
agent,code-archaeologist,agents/code-archaeologist.toml,english,1,am-will/codex-skills,false,english-normalized
agent,code-mapper,agents/code-mapper.toml,english,1,VoltAgent/awesome-codex-subagents,false,english-normalized
agent,code-reviewer,agents/code-reviewer.toml,english,2,"VoltAgent/awesome-codex-subagents,am-will/codex-skills",false,english-normalized
agent,command-expert,agents/command-expert.toml,english,1,am-will/codex-skills,false,english-normalized
agent,competitive-analyst,agents/competitive-analyst.toml,english,1,VoltAgent/awesome-codex-subagents,false,english-normalized
agent,compliance-auditor,agents/compliance-auditor.toml,english,1,VoltAgent/awesome-codex-subagents,false,english-normalized
agent,comprehensive-researcher,agents/comprehensive-researcher.toml,english,1,am-will/codex-skills,false,english-normalized
agent,conductor-validator,agents/conductor-validator.toml,english,1,am-will/codex-skills,false,english-normalized
agent,connection-agent,agents/connection-agent.toml,english,1,am-will/codex-skills,false,english-normalized
agent,content-marketer,agents/content-marketer.toml,english,2,"VoltAgent/awesome-codex-subagents,am-will/codex-skills",false,english-normalized
agent,content-writer,agents/content-writer.toml,english,2,am-will/codex-skills,false,english-normalized
agent,context-manager,agents/context-manager.toml,english,2,"VoltAgent/awesome-codex-subagents,am-will/codex-skills",false,english-normalized
agent,convex-expert,agents/convex-expert.toml,english,1,am-will/codex-skills,false,english-normalized
agent,cpp-engineer,agents/cpp-engineer.toml,english,1,am-will/codex-skills,false,english-normalized
agent,cpp-expert,agents/cpp-expert.toml,english,1,am-will/codex-skills,false,english-normalized
agent,cpp-pro,agents/cpp-pro.toml,english,2,"VoltAgent/awesome-codex-subagents,am-will/codex-skills",false,english-normalized
agent,crypto-analyst,agents/crypto-analyst.toml,english,1,am-will/codex-skills,false,english-normalized
agent,crypto-risk-manager,agents/crypto-risk-manager.toml,english,1,am-will/codex-skills,false,english-normalized
agent,crypto-trader,agents/crypto-trader.toml,english,1,am-will/codex-skills,false,english-normalized
agent,csharp-developer,agents/csharp-developer.toml,english,1,VoltAgent/awesome-codex-subagents,false,english-normalized
agent,csharp-expert,agents/csharp-expert.toml,english,1,am-will/codex-skills,false,english-normalized
agent,csharp-pro,agents/csharp-pro.toml,english,1,am-will/codex-skills,false,english-normalized
agent,css-expert,agents/css-expert.toml,english,1,am-will/codex-skills,false,english-normalized
agent,customer-success-manager,agents/customer-success-manager.toml,english,1,VoltAgent/awesome-codex-subagents,false,english-normalized
agent,customer-support,agents/customer-support.toml,english,1,am-will/codex-skills,false,english-normalized
agent,cypress-expert,agents/cypress-expert.toml,english,1,am-will/codex-skills,false,english-normalized
agent,dart-expert,agents/dart-expert.toml,english,1,am-will/codex-skills,false,english-normalized
agent,data-analyst,agents/data-analyst.toml,english,2,"VoltAgent/awesome-codex-subagents,am-will/codex-skills",false,english-normalized
agent,data-engineer,agents/data-engineer.toml,english,2,"VoltAgent/awesome-codex-subagents,am-will/codex-skills",false,english-normalized
agent,data-ml-delivery-team,agents/data-ml-delivery-team.toml,english,1,am-will/codex-skills,false,english-normalized
agent,data-pipeline,agents/data-pipeline.toml,english,2,am-will/codex-skills,false,english-normalized
agent,data-researcher,agents/data-researcher.toml,english,1,VoltAgent/awesome-codex-subagents,false,english-normalized
agent,data-scientist,agents/data-scientist.toml,english,2,"VoltAgent/awesome-codex-subagents,am-will/codex-skills",false,english-normalized
agent,database-admin,agents/database-admin.toml,english,1,am-will/codex-skills,false,english-normalized
agent,database-administrator,agents/database-administrator.toml,english,1,VoltAgent/awesome-codex-subagents,false,english-normalized
agent,database-architect,agents/database-architect.toml,english,1,am-will/codex-skills,false,english-normalized
agent,database-optimization,agents/database-optimization.toml,english,1,am-will/codex-skills,false,english-normalized
agent,database-optimizer,agents/database-optimizer.toml,english,2,"VoltAgent/awesome-codex-subagents,am-will/codex-skills",false,english-normalized
agent,debugger,agents/debugger.toml,english,3,"VoltAgent/awesome-codex-subagents,am-will/codex-skills",false,english-normalized
agent,defi-strategist,agents/defi-strategist.toml,english,1,am-will/codex-skills,false,english-normalized
agent,deno-expert,agents/deno-expert.toml,english,1,am-will/codex-skills,false,english-normalized
agent,dependency-manager,agents/dependency-manager.toml,english,1,VoltAgent/awesome-codex-subagents,false,english-normalized
agent,deployment-engineer,agents/deployment-engineer.toml,english,2,"VoltAgent/awesome-codex-subagents,am-will/codex-skills",false,english-normalized
agent,design-system-architect,agents/design-system-architect.toml,english,1,am-will/codex-skills,false,english-normalized
agent,devops,agents/devops.toml,english,2,am-will/codex-skills,false,english-normalized
agent,devops-cicd-expert,agents/devops-cicd-expert.toml,english,1,am-will/codex-skills,false,english-normalized
agent,devops-engineer,agents/devops-engineer.toml,english,1,VoltAgent/awesome-codex-subagents,false,english-normalized
agent,devops-incident-responder,agents/devops-incident-responder.toml,english,1,VoltAgent/awesome-codex-subagents,false,english-normalized
agent,devops-troubleshooter,agents/devops-troubleshooter.toml,english,1,am-will/codex-skills,false,english-normalized
agent,directus-developer,agents/directus-developer.toml,english,1,am-will/codex-skills,false,english-normalized
agent,django-api-developer,agents/django-api-developer.toml,english,1,am-will/codex-skills,false,english-normalized
agent,django-backend-expert,agents/django-backend-expert.toml,english,1,am-will/codex-skills,false,english-normalized
agent,django-developer,agents/django-developer.toml,english,1,VoltAgent/awesome-codex-subagents,false,english-normalized
agent,django-expert,agents/django-expert.toml,translated,1,am-will/codex-skills,false,english-normalized
agent,django-orm-expert,agents/django-orm-expert.toml,english,1,am-will/codex-skills,false,english-normalized
agent,django-pro,agents/django-pro.toml,english,1,am-will/codex-skills,false,english-normalized
agent,docker-expert,agents/docker-expert.toml,english,2,"VoltAgent/awesome-codex-subagents,am-will/codex-skills",false,english-normalized
agent,docs-architect,agents/docs-architect.toml,english,1,am-will/codex-skills,false,english-normalized
agent,docs-researcher,agents/docs-researcher.toml,english,1,VoltAgent/awesome-codex-subagents,false,english-normalized
agent,documentation-engineer,agents/documentation-engineer.toml,english,1,VoltAgent/awesome-codex-subagents,false,english-normalized
agent,documentation-specialist,agents/documentation-specialist.toml,english,1,am-will/codex-skills,false,english-normalized
agent,documenter,agents/documenter.toml,english,2,am-will/codex-skills,false,english-normalized
agent,docusaurus-expert,agents/docusaurus-expert.toml,english,1,am-will/codex-skills,false,english-normalized
agent,dotnet-architect,agents/dotnet-architect.toml,english,1,am-will/codex-skills,false,english-normalized
agent,dotnet-core-expert,agents/dotnet-core-expert.toml,english,1,VoltAgent/awesome-codex-subagents,false,english-normalized
agent,dotnet-framework-4-8-expert,agents/dotnet-framework-4-8-expert.toml,english,1,VoltAgent/awesome-codex-subagents,false,english-normalized
agent,drupal-developer,agents/drupal-developer.toml,english,1,am-will/codex-skills,false,english-normalized
agent,dx-optimizer,agents/dx-optimizer.toml,english,2,"VoltAgent/awesome-codex-subagents,am-will/codex-skills",false,english-normalized
agent,dynamodb-expert,agents/dynamodb-expert.toml,english,1,am-will/codex-skills,false,english-normalized
agent,elasticsearch-expert,agents/elasticsearch-expert.toml,english,1,am-will/codex-skills,false,english-normalized
agent,electron-expert,agents/electron-expert.toml,english,1,am-will/codex-skills,false,english-normalized
agent,electron-pro,agents/electron-pro.toml,english,1,VoltAgent/awesome-codex-subagents,false,english-normalized
agent,elixir-expert,agents/elixir-expert.toml,english,2,"VoltAgent/awesome-codex-subagents,am-will/codex-skills",false,english-normalized
agent,elixir-pro,agents/elixir-pro.toml,english,1,am-will/codex-skills,false,english-normalized
agent,elk-expert,agents/elk-expert.toml,english,1,am-will/codex-skills,false,english-normalized
agent,embedded-systems,agents/embedded-systems.toml,english,1,VoltAgent/awesome-codex-subagents,false,english-normalized
agent,episode-orchestrator,agents/episode-orchestrator.toml,english,1,am-will/codex-skills,false,english-normalized
agent,erlang-expert,agents/erlang-expert.toml,english,1,am-will/codex-skills,false,english-normalized
agent,error-coordinator,agents/error-coordinator.toml,english,1,VoltAgent/awesome-codex-subagents,false,english-normalized
agent,error-detective,agents/error-detective.toml,english,2,"VoltAgent/awesome-codex-subagents,am-will/codex-skills",false,english-normalized
agent,event-sourcing-architect,agents/event-sourcing-architect.toml,english,1,am-will/codex-skills,false,english-normalized
agent,expo-expert,agents/expo-expert.toml,english,1,am-will/codex-skills,false,english-normalized
agent,express-expert,agents/express-expert.toml,english,1,am-will/codex-skills,false,english-normalized
agent,fastapi-expert,agents/fastapi-expert.toml,english,1,am-will/codex-skills,false,english-normalized
agent,fastapi-pro,agents/fastapi-pro.toml,english,1,am-will/codex-skills,false,english-normalized
agent,fastify-expert,agents/fastify-expert.toml,english,1,am-will/codex-skills,false,english-normalized
agent,fiber-expert,agents/fiber-expert.toml,english,1,am-will/codex-skills,false,english-normalized
agent,fintech-engineer,agents/fintech-engineer.toml,english,1,VoltAgent/awesome-codex-subagents,false,english-normalized
agent,firmware-analyst,agents/firmware-analyst.toml,english,1,am-will/codex-skills,false,english-normalized
agent,flask-expert,agents/flask-expert.toml,english,1,am-will/codex-skills,false,english-normalized
agent,flutter-expert,agents/flutter-expert.toml,english,2,"VoltAgent/awesome-codex-subagents,am-will/codex-skills",false,english-normalized
agent,flyway-expert,agents/flyway-expert.toml,english,1,am-will/codex-skills,false,english-normalized
agent,frontend,agents/frontend.toml,english,1,am-will/codex-skills,false,english-normalized
agent,frontend-developer,agents/frontend-developer.toml,english,2,"VoltAgent/awesome-codex-subagents,am-will/codex-skills",false,english-normalized
agent,frontend-security-coder,agents/frontend-security-coder.toml,english,1,am-will/codex-skills,false,english-normalized
agent,fullstack-developer,agents/fullstack-developer.toml,english,1,VoltAgent/awesome-codex-subagents,false,english-normalized
agent,game-developer,agents/game-developer.toml,english,2,"VoltAgent/awesome-codex-subagents,am-will/codex-skills",false,english-normalized
agent,gin-expert,agents/gin-expert.toml,english,1,am-will/codex-skills,false,english-normalized
agent,git-ops,agents/git-ops.toml,english,1,am-will/codex-skills,false,english-normalized
agent,git-workflow-manager,agents/git-workflow-manager.toml,english,1,VoltAgent/awesome-codex-subagents,false,english-normalized
agent,github-actions-expert,agents/github-actions-expert.toml,english,1,am-will/codex-skills,false,english-normalized
agent,gitlab-ci-expert,agents/gitlab-ci-expert.toml,english,1,am-will/codex-skills,false,english-normalized
agent,go-expert,agents/go-expert.toml,english,1,am-will/codex-skills,false,english-normalized
agent,golang-expert,agents/golang-expert.toml,english,1,am-will/codex-skills,false,english-normalized
agent,golang-pro,agents/golang-pro.toml,english,2,"VoltAgent/awesome-codex-subagents,am-will/codex-skills",false,english-normalized
agent,grafana-expert,agents/grafana-expert.toml,english,1,am-will/codex-skills,false,english-normalized
agent,graphql-architect,agents/graphql-architect.toml,english,2,"VoltAgent/awesome-codex-subagents,am-will/codex-skills",false,english-normalized
agent,graphql-expert,agents/graphql-expert.toml,english,1,am-will/codex-skills,false,english-normalized
agent,grpc-expert,agents/grpc-expert.toml,english,1,am-will/codex-skills,false,english-normalized
agent,hackathon-ai-strategist,agents/hackathon-ai-strategist.toml,english,1,am-will/codex-skills,false,english-normalized
agent,haskell-expert,agents/haskell-expert.toml,english,1,am-will/codex-skills,false,english-normalized
agent,haskell-pro,agents/haskell-pro.toml,english,1,am-will/codex-skills,false,english-normalized
agent,hr-pro,agents/hr-pro.toml,english,1,am-will/codex-skills,false,english-normalized
agent,html-expert,agents/html-expert.toml,english,1,am-will/codex-skills,false,english-normalized
agent,hybrid-cloud-architect,agents/hybrid-cloud-architect.toml,english,1,am-will/codex-skills,false,english-normalized
agent,hyperledger-fabric-developer,agents/hyperledger-fabric-developer.toml,english,1,am-will/codex-skills,false,english-normalized
agent,incident-responder,agents/incident-responder.toml,english,2,"VoltAgent/awesome-codex-subagents,am-will/codex-skills",false,english-normalized
agent,ios-developer,agents/ios-developer.toml,english,1,am-will/codex-skills,false,english-normalized
agent,ios-expert,agents/ios-expert.toml,english,1,am-will/codex-skills,false,english-normalized
agent,iot-engineer,agents/iot-engineer.toml,english,1,VoltAgent/awesome-codex-subagents,false,english-normalized
agent,it-ops-orchestrator,agents/it-ops-orchestrator.toml,english,1,VoltAgent/awesome-codex-subagents,false,english-normalized
agent,jasmine-expert,agents/jasmine-expert.toml,english,1,am-will/codex-skills,false,english-normalized
agent,java-architect,agents/java-architect.toml,english,1,VoltAgent/awesome-codex-subagents,false,english-normalized
agent,java-developer,agents/java-developer.toml,english,1,am-will/codex-skills,false,english-normalized
agent,java-expert,agents/java-expert.toml,english,1,am-will/codex-skills,false,english-normalized
agent,java-pro,agents/java-pro.toml,english,1,am-will/codex-skills,false,english-normalized
agent,javascript-developer,agents/javascript-developer.toml,english,1,am-will/codex-skills,false,english-normalized
agent,javascript-expert,agents/javascript-expert.toml,english,1,am-will/codex-skills,false,english-normalized
agent,javascript-pro,agents/javascript-pro.toml,english,2,"VoltAgent/awesome-codex-subagents,am-will/codex-skills",false,english-normalized
agent,jenkins-expert,agents/jenkins-expert.toml,english,1,am-will/codex-skills,false,english-normalized
agent,jest-expert,agents/jest-expert.toml,english,1,am-will/codex-skills,false,english-normalized
agent,jquery-expert,agents/jquery-expert.toml,english,1,am-will/codex-skills,false,english-normalized
agent,julia-pro,agents/julia-pro.toml,english,1,am-will/codex-skills,false,english-normalized
agent,jwt-expert,agents/jwt-expert.toml,english,1,am-will/codex-skills,false,english-normalized
agent,kafka-expert,agents/kafka-expert.toml,english,1,am-will/codex-skills,false,english-normalized
agent,keycloak-expert,agents/keycloak-expert.toml,english,1,am-will/codex-skills,false,english-normalized
agent,knex-expert,agents/knex-expert.toml,english,1,am-will/codex-skills,false,english-normalized
agent,knowledge-synthesizer,agents/knowledge-synthesizer.toml,english,1,VoltAgent/awesome-codex-subagents,false,english-normalized
agent,kotlin-expert,agents/kotlin-expert.toml,english,1,am-will/codex-skills,false,english-normalized
agent,kotlin-specialist,agents/kotlin-specialist.toml,english,1,VoltAgent/awesome-codex-subagents,false,english-normalized
agent,kubernetes-architect,agents/kubernetes-architect.toml,english,1,am-will/codex-skills,false,english-normalized
agent,kubernetes-expert,agents/kubernetes-expert.toml,english,1,am-will/codex-skills,false,english-normalized
agent,kubernetes-specialist,agents/kubernetes-specialist.toml,english,1,VoltAgent/awesome-codex-subagents,false,english-normalized
agent,langchain-expert,agents/langchain-expert.toml,english,1,am-will/codex-skills,false,english-normalized
agent,laravel-backend-expert,agents/laravel-backend-expert.toml,english,1,am-will/codex-skills,false,english-normalized
agent,laravel-eloquent-expert,agents/laravel-eloquent-expert.toml,english,1,am-will/codex-skills,false,english-normalized
agent,laravel-expert,agents/laravel-expert.toml,english,1,am-will/codex-skills,false,english-normalized
agent,laravel-specialist,agents/laravel-specialist.toml,english,1,VoltAgent/awesome-codex-subagents,false,english-normalized
agent,laravel-vue-developer,agents/laravel-vue-developer.toml,english,1,am-will/codex-skills,false,english-normalized
agent,legacy-modernizer,agents/legacy-modernizer.toml,english,2,"VoltAgent/awesome-codex-subagents,am-will/codex-skills",false,english-normalized
agent,legal-advisor,agents/legal-advisor.toml,english,2,"VoltAgent/awesome-codex-subagents,am-will/codex-skills",false,english-normalized
agent,liquibase-expert,agents/liquibase-expert.toml,english,1,am-will/codex-skills,false,english-normalized
agent,llm-architect,agents/llm-architect.toml,english,1,VoltAgent/awesome-codex-subagents,false,english-normalized
agent,llms-maintainer,agents/llms-maintainer.toml,english,1,am-will/codex-skills,false,english-normalized
agent,loki-expert,agents/loki-expert.toml,english,1,am-will/codex-skills,false,english-normalized
agent,lua-expert,agents/lua-expert.toml,english,1,am-will/codex-skills,false,english-normalized
agent,m365-admin,agents/m365-admin.toml,english,1,VoltAgent/awesome-codex-subagents,false,english-normalized
agent,machine-learning-engineer,agents/machine-learning-engineer.toml,english,1,VoltAgent/awesome-codex-subagents,false,english-normalized
agent,malware-analyst,agents/malware-analyst.toml,english,1,am-will/codex-skills,false,english-normalized
agent,mariadb-expert,agents/mariadb-expert.toml,english,1,am-will/codex-skills,false,english-normalized
agent,markdown-syntax-formatter,agents/markdown-syntax-formatter.toml,english,1,am-will/codex-skills,false,english-normalized
agent,market-research-analyst,agents/market-research-analyst.toml,english,1,am-will/codex-skills,false,english-normalized
agent,market-researcher,agents/market-researcher.toml,english,1,VoltAgent/awesome-codex-subagents,false,english-normalized
agent,mcp-deployment-orchestrator,agents/mcp-deployment-orchestrator.toml,english,1,am-will/codex-skills,false,english-normalized
agent,mcp-developer,agents/mcp-developer.toml,english,1,VoltAgent/awesome-codex-subagents,false,english-normalized
agent,mcp-expert,agents/mcp-expert.toml,english,1,am-will/codex-skills,false,english-normalized
agent,mcp-registry-navigator,agents/mcp-registry-navigator.toml,english,1,am-will/codex-skills,false,english-normalized
agent,mcp-security-auditor,agents/mcp-security-auditor.toml,english,1,am-will/codex-skills,false,english-normalized
agent,mcp-server-architect,agents/mcp-server-architect.toml,english,1,am-will/codex-skills,false,english-normalized
agent,mcp-testing-engineer,agents/mcp-testing-engineer.toml,english,1,am-will/codex-skills,false,english-normalized
agent,mermaid-expert,agents/mermaid-expert.toml,english,1,am-will/codex-skills,false,english-normalized
agent,metadata-agent,agents/metadata-agent.toml,english,1,am-will/codex-skills,false,english-normalized
agent,microservices-architect,agents/microservices-architect.toml,english,1,VoltAgent/awesome-codex-subagents,false,english-normalized
agent,migrator,agents/migrator.toml,english,2,am-will/codex-skills,false,english-normalized
agent,minecraft-bukkit-pro,agents/minecraft-bukkit-pro.toml,english,1,am-will/codex-skills,false,english-normalized
agent,ml-data-expert,agents/ml-data-expert.toml,translated,1,am-will/codex-skills,false,english-normalized
agent,ml-engineer,agents/ml-engineer.toml,english,2,"VoltAgent/awesome-codex-subagents,am-will/codex-skills",false,english-normalized
agent,mlops-engineer,agents/mlops-engineer.toml,english,2,"VoltAgent/awesome-codex-subagents,am-will/codex-skills",false,english-normalized
agent,mobile,agents/mobile.toml,english,1,am-will/codex-skills,false,english-normalized
agent,mobile-app-developer,agents/mobile-app-developer.toml,english,1,VoltAgent/awesome-codex-subagents,false,english-normalized
agent,mobile-developer,agents/mobile-developer.toml,english,2,"VoltAgent/awesome-codex-subagents,am-will/codex-skills",false,english-normalized
agent,mobile-security-coder,agents/mobile-security-coder.toml,english,1,am-will/codex-skills,false,english-normalized
agent,moc-agent,agents/moc-agent.toml,english,1,am-will/codex-skills,false,english-normalized
agent,mocha-expert,agents/mocha-expert.toml,english,1,am-will/codex-skills,false,english-normalized
agent,mongodb-expert,agents/mongodb-expert.toml,english,1,am-will/codex-skills,false,english-normalized
agent,mongoose-expert,agents/mongoose-expert.toml,english,1,am-will/codex-skills,false,english-normalized
agent,monorepo-architect,agents/monorepo-architect.toml,english,1,am-will/codex-skills,false,english-normalized
agent,mqtt-expert,agents/mqtt-expert.toml,english,1,am-will/codex-skills,false,english-normalized
agent,mssql-expert,agents/mssql-expert.toml,english,1,am-will/codex-skills,false,english-normalized
agent,multi-agent-coordinator,agents/multi-agent-coordinator.toml,english,1,VoltAgent/awesome-codex-subagents,false,english-normalized
agent,mysql-expert,agents/mysql-expert.toml,english,1,am-will/codex-skills,false,english-normalized
agent,nats-expert,agents/nats-expert.toml,english,1,am-will/codex-skills,false,english-normalized
agent,neo4j-expert,agents/neo4j-expert.toml,english,1,am-will/codex-skills,false,english-normalized
agent,nestjs-expert,agents/nestjs-expert.toml,english,1,am-will/codex-skills,false,english-normalized
agent,network-engineer,agents/network-engineer.toml,english,2,"VoltAgent/awesome-codex-subagents,am-will/codex-skills",false,english-normalized
agent,nextjs-app-router-developer,agents/nextjs-app-router-developer.toml,english,1,am-will/codex-skills,false,english-normalized
agent,nextjs-developer,agents/nextjs-developer.toml,english,1,VoltAgent/awesome-codex-subagents,false,english-normalized
agent,nextjs-expert,agents/nextjs-expert.toml,english,1,am-will/codex-skills,false,english-normalized
agent,nlp-engineer,agents/nlp-engineer.toml,english,1,VoltAgent/awesome-codex-subagents,false,english-normalized
agent,nodejs-expert,agents/nodejs-expert.toml,english,1,am-will/codex-skills,false,english-normalized
agent,numpy-expert,agents/numpy-expert.toml,english,1,am-will/codex-skills,false,english-normalized
agent,oauth-oidc-expert,agents/oauth-oidc-expert.toml,english,1,am-will/codex-skills,false,english-normalized
agent,observability-engineer,agents/observability-engineer.toml,english,1,am-will/codex-skills,false,english-normalized
agent,ocaml-expert,agents/ocaml-expert.toml,english,1,am-will/codex-skills,false,english-normalized
agent,ocr-grammar-fixer,agents/ocr-grammar-fixer.toml,english,1,am-will/codex-skills,false,english-normalized
agent,ocr-quality-assurance,agents/ocr-quality-assurance.toml,english,1,am-will/codex-skills,false,english-normalized
agent,openai-api-expert,agents/openai-api-expert.toml,english,1,am-will/codex-skills,false,english-normalized
agent,openapi-expert,agents/openapi-expert.toml,english,1,am-will/codex-skills,false,english-normalized
agent,opensearch-expert,agents/opensearch-expert.toml,english,1,am-will/codex-skills,false,english-normalized
agent,opentelemetry-expert,agents/opentelemetry-expert.toml,english,1,am-will/codex-skills,false,english-normalized
agent,owasp-top10-expert,agents/owasp-top10-expert.toml,english,1,am-will/codex-skills,false,english-normalized
agent,pandas-expert,agents/pandas-expert.toml,english,1,am-will/codex-skills,false,english-normalized
agent,payment-integration,agents/payment-integration.toml,english,2,"VoltAgent/awesome-codex-subagents,am-will/codex-skills",false,english-normalized
agent,penetration-tester,agents/penetration-tester.toml,english,1,VoltAgent/awesome-codex-subagents,false,english-normalized
agent,performance,agents/performance.toml,english,1,am-will/codex-skills,false,english-normalized
agent,performance-engineer,agents/performance-engineer.toml,english,2,"VoltAgent/awesome-codex-subagents,am-will/codex-skills",false,english-normalized
agent,performance-expert,agents/performance-expert.toml,english,1,am-will/codex-skills,false,english-normalized
agent,performance-monitor,agents/performance-monitor.toml,english,1,VoltAgent/awesome-codex-subagents,false,english-normalized
agent,performance-optimizer,agents/performance-optimizer.toml,english,1,am-will/codex-skills,false,english-normalized
agent,perl-expert,agents/perl-expert.toml,english,1,am-will/codex-skills,false,english-normalized
agent,phoenix-expert,agents/phoenix-expert.toml,english,1,am-will/codex-skills,false,english-normalized
agent,php-developer,agents/php-developer.toml,english,1,am-will/codex-skills,false,english-normalized
agent,php-expert,agents/php-expert.toml,english,1,am-will/codex-skills,false,english-normalized
agent,php-pro,agents/php-pro.toml,english,2,"VoltAgent/awesome-codex-subagents,am-will/codex-skills",false,english-normalized
agent,plan-checker,agents/plan-checker.toml,english,1,am-will/codex-skills,false,english-normalized
agent,platform-engineer,agents/platform-engineer.toml,english,1,VoltAgent/awesome-codex-subagents,false,english-normalized
agent,playwright-expert,agents/playwright-expert.toml,english,1,am-will/codex-skills,false,english-normalized
agent,podcast-content-analyzer,agents/podcast-content-analyzer.toml,english,1,am-will/codex-skills,false,english-normalized
agent,podcast-metadata-specialist,agents/podcast-metadata-specialist.toml,english,1,am-will/codex-skills,false,english-normalized
agent,podcast-transcriber,agents/podcast-transcriber.toml,english,1,am-will/codex-skills,false,english-normalized
agent,podcast-trend-scout,agents/podcast-trend-scout.toml,english,1,am-will/codex-skills,false,english-normalized
agent,posix-shell-pro,agents/posix-shell-pro.toml,english,1,am-will/codex-skills,false,english-normalized
agent,postgres-expert,agents/postgres-expert.toml,english,1,am-will/codex-skills,false,english-normalized
agent,postgres-pro,agents/postgres-pro.toml,english,1,VoltAgent/awesome-codex-subagents,false,english-normalized
agent,powershell-5-1-expert,agents/powershell-5-1-expert.toml,english,1,VoltAgent/awesome-codex-subagents,false,english-normalized
agent,powershell-7-expert,agents/powershell-7-expert.toml,english,1,VoltAgent/awesome-codex-subagents,false,english-normalized
agent,powershell-module-architect,agents/powershell-module-architect.toml,english,1,VoltAgent/awesome-codex-subagents,false,english-normalized
agent,powershell-security-hardening,agents/powershell-security-hardening.toml,english,1,VoltAgent/awesome-codex-subagents,false,english-normalized
agent,powershell-ui-architect,agents/powershell-ui-architect.toml,english,1,VoltAgent/awesome-codex-subagents,false,english-normalized
agent,pr-audit-team,agents/pr-audit-team.toml,english,1,am-will/codex-skills,false,english-normalized
agent,prisma-expert,agents/prisma-expert.toml,english,1,am-will/codex-skills,false,english-normalized
agent,product-manager,agents/product-manager.toml,english,1,VoltAgent/awesome-codex-subagents,false,english-normalized
agent,project-analyst,agents/project-analyst.toml,english,1,am-will/codex-skills,false,english-normalized
agent,project-manager,agents/project-manager.toml,english,1,VoltAgent/awesome-codex-subagents,false,english-normalized
agent,project-supervisor-orchestrator,agents/project-supervisor-orchestrator.toml,english,1,am-will/codex-skills,false,english-normalized
agent,prometheus-expert,agents/prometheus-expert.toml,english,1,am-will/codex-skills,false,english-normalized
agent,prompt-engineer,agents/prompt-engineer.toml,english,2,"VoltAgent/awesome-codex-subagents,am-will/codex-skills",false,english-normalized
agent,pulumi-expert,agents/pulumi-expert.toml,english,1,am-will/codex-skills,false,english-normalized
agent,puppeteer-expert,agents/puppeteer-expert.toml,english,1,am-will/codex-skills,false,english-normalized
agent,pydantic-ai-agents-expert,agents/pydantic-ai-agents-expert.toml,english,1,am-will/codex-skills,false,english-normalized
agent,pydantic-evals-expert,agents/pydantic-evals-expert.toml,english,1,am-will/codex-skills,false,english-normalized
agent,python-backend-engineer,agents/python-backend-engineer.toml,english,1,am-will/codex-skills,false,english-normalized
agent,python-expert,agents/python-expert.toml,translated,1,am-will/codex-skills,false,english-normalized
agent,python-pro,agents/python-pro.toml,english,2,"VoltAgent/awesome-codex-subagents,am-will/codex-skills",false,english-normalized
agent,pytorch-expert,agents/pytorch-expert.toml,english,1,am-will/codex-skills,false,english-normalized
agent,qa-expert,agents/qa-expert.toml,english,1,VoltAgent/awesome-codex-subagents,false,english-normalized
agent,quant-analyst,agents/quant-analyst.toml,english,2,"VoltAgent/awesome-codex-subagents,am-will/codex-skills",false,english-normalized
agent,query-clarifier,agents/query-clarifier.toml,english,1,am-will/codex-skills,false,english-normalized
agent,rabbitmq-expert,agents/rabbitmq-expert.toml,english,1,am-will/codex-skills,false,english-normalized
agent,rails-activerecord-expert,agents/rails-activerecord-expert.toml,english,1,am-will/codex-skills,false,english-normalized
agent,rails-api-developer,agents/rails-api-developer.toml,english,1,am-will/codex-skills,false,english-normalized
agent,rails-backend-expert,agents/rails-backend-expert.toml,english,1,am-will/codex-skills,false,english-normalized
agent,rails-expert,agents/rails-expert.toml,english,2,"VoltAgent/awesome-codex-subagents,am-will/codex-skills",false,english-normalized
agent,react-component-architect,agents/react-component-architect.toml,english,1,am-will/codex-skills,false,english-normalized
agent,react-expert,agents/react-expert.toml,english,1,am-will/codex-skills,false,english-normalized
agent,react-native-expert,agents/react-native-expert.toml,english,1,am-will/codex-skills,false,english-normalized
agent,react-nextjs-expert,agents/react-nextjs-expert.toml,english,1,am-will/codex-skills,false,english-normalized
agent,react-performance-optimization,agents/react-performance-optimization.toml,english,1,am-will/codex-skills,false,english-normalized
agent,react-specialist,agents/react-specialist.toml,english,1,VoltAgent/awesome-codex-subagents,false,english-normalized
agent,redis-expert,agents/redis-expert.toml,english,1,am-will/codex-skills,false,english-normalized
agent,refactorer,agents/refactorer.toml,english,2,am-will/codex-skills,false,english-normalized
agent,refactoring-specialist,agents/refactoring-specialist.toml,english,1,VoltAgent/awesome-codex-subagents,false,english-normalized
agent,reference-builder,agents/reference-builder.toml,english,1,am-will/codex-skills,false,english-normalized
agent,remix-expert,agents/remix-expert.toml,english,1,am-will/codex-skills,false,english-normalized
agent,report-generator,agents/report-generator.toml,english,1,am-will/codex-skills,false,english-normalized
agent,research-analyst,agents/research-analyst.toml,english,1,VoltAgent/awesome-codex-subagents,false,english-normalized
agent,research-brief-generator,agents/research-brief-generator.toml,english,1,am-will/codex-skills,false,english-normalized
agent,research-coordinator,agents/research-coordinator.toml,english,1,am-will/codex-skills,false,english-normalized
agent,research-orchestrator,agents/research-orchestrator.toml,english,1,am-will/codex-skills,false,english-normalized
agent,research-synthesizer,agents/research-synthesizer.toml,english,1,am-will/codex-skills,false,english-normalized
agent,rest-expert,agents/rest-expert.toml,english,1,am-will/codex-skills,false,english-normalized
agent,reverse-engineer,agents/reverse-engineer.toml,english,1,am-will/codex-skills,false,english-normalized
agent,review-agent,agents/review-agent.toml,english,1,am-will/codex-skills,false,english-normalized
agent,reviewer,agents/reviewer.toml,english,2,"VoltAgent/awesome-codex-subagents,am-will/codex-skills",false,english-normalized
agent,risk-manager,agents/risk-manager.toml,english,2,"VoltAgent/awesome-codex-subagents,am-will/codex-skills",false,english-normalized
agent,rollup-expert,agents/rollup-expert.toml,english,1,am-will/codex-skills,false,english-normalized
agent,ruby-expert,agents/ruby-expert.toml,english,1,am-will/codex-skills,false,english-normalized
agent,ruby-pro,agents/ruby-pro.toml,english,1,am-will/codex-skills,false,english-normalized
agent,rust-engineer,agents/rust-engineer.toml,english,1,VoltAgent/awesome-codex-subagents,false,english-normalized
agent,rust-expert,agents/rust-expert.toml,english,1,am-will/codex-skills,false,english-normalized
agent,rust-pro,agents/rust-pro.toml,english,1,am-will/codex-skills,false,english-normalized
agent,sales-automator,agents/sales-automator.toml,english,1,am-will/codex-skills,false,english-normalized
agent,sales-engineer,agents/sales-engineer.toml,english,1,VoltAgent/awesome-codex-subagents,false,english-normalized
agent,scala-expert,agents/scala-expert.toml,english,1,am-will/codex-skills,false,english-normalized
agent,scala-pro,agents/scala-pro.toml,english,1,am-will/codex-skills,false,english-normalized
agent,scikit-learn-expert,agents/scikit-learn-expert.toml,english,1,am-will/codex-skills,false,english-normalized
agent,scout,agents/scout.toml,english,2,am-will/codex-skills,false,english-normalized
agent,scrum-master,agents/scrum-master.toml,english,1,VoltAgent/awesome-codex-subagents,false,english-normalized
agent,search-specialist,agents/search-specialist.toml,english,2,"VoltAgent/awesome-codex-subagents,am-will/codex-skills",false,english-normalized
agent,security,agents/security.toml,english,1,am-will/codex-skills,false,english-normalized
agent,security-assurance-team,agents/security-assurance-team.toml,english,1,am-will/codex-skills,false,english-normalized
agent,security-auditor,agents/security-auditor.toml,english,2,"VoltAgent/awesome-codex-subagents,am-will/codex-skills",false,english-normalized
agent,security-engineer,agents/security-engineer.toml,english,1,VoltAgent/awesome-codex-subagents,false,english-normalized
agent,security-expert,agents/security-expert.toml,english,1,am-will/codex-skills,false,english-normalized
agent,selenium-expert,agents/selenium-expert.toml,english,1,am-will/codex-skills,false,english-normalized
agent,senior-code-reviewer,agents/senior-code-reviewer.toml,english,1,am-will/codex-skills,false,english-normalized
agent,seo-authority-builder,agents/seo-authority-builder.toml,english,1,am-will/codex-skills,false,english-normalized
agent,seo-cannibalization-detector,agents/seo-cannibalization-detector.toml,english,1,am-will/codex-skills,false,english-normalized
agent,seo-content-auditor,agents/seo-content-auditor.toml,english,1,am-will/codex-skills,false,english-normalized
agent,seo-content-planner,agents/seo-content-planner.toml,english,1,am-will/codex-skills,false,english-normalized
agent,seo-content-refresher,agents/seo-content-refresher.toml,english,1,am-will/codex-skills,false,english-normalized
agent,seo-content-writer,agents/seo-content-writer.toml,english,1,am-will/codex-skills,false,english-normalized
agent,seo-keyword-strategist,agents/seo-keyword-strategist.toml,english,1,am-will/codex-skills,false,english-normalized
agent,seo-meta-optimizer,agents/seo-meta-optimizer.toml,english,1,am-will/codex-skills,false,english-normalized
agent,seo-podcast-optimizer,agents/seo-podcast-optimizer.toml,english,1,am-will/codex-skills,false,english-normalized
agent,seo-snippet-hunter,agents/seo-snippet-hunter.toml,english,1,am-will/codex-skills,false,english-normalized
agent,seo-specialist,agents/seo-specialist.toml,english,1,VoltAgent/awesome-codex-subagents,false,english-normalized
agent,seo-structure-architect,agents/seo-structure-architect.toml,english,1,am-will/codex-skills,false,english-normalized
agent,sequelize-expert,agents/sequelize-expert.toml,english,1,am-will/codex-skills,false,english-normalized
agent,service-mesh-expert,agents/service-mesh-expert.toml,english,1,am-will/codex-skills,false,english-normalized
agent,sidekiq-expert,agents/sidekiq-expert.toml,english,1,am-will/codex-skills,false,english-normalized
agent,slack-expert,agents/slack-expert.toml,english,1,VoltAgent/awesome-codex-subagents,false,english-normalized
agent,smart-contract,agents/smart-contract.toml,english,2,am-will/codex-skills,false,english-normalized
agent,sns-expert,agents/sns-expert.toml,english,1,am-will/codex-skills,false,english-normalized
agent,social-media-clip-creator,agents/social-media-clip-creator.toml,english,1,am-will/codex-skills,false,english-normalized
agent,social-media-copywriter,agents/social-media-copywriter.toml,english,1,am-will/codex-skills,false,english-normalized
agent,solidjs-expert,agents/solidjs-expert.toml,english,1,am-will/codex-skills,false,english-normalized
agent,sparky,agents/sparky.toml,english,1,am-will/codex-skills,false,english-normalized
agent,spring-boot-engineer,agents/spring-boot-engineer.toml,english,1,VoltAgent/awesome-codex-subagents,false,english-normalized
agent,spring-boot-expert,agents/spring-boot-expert.toml,english,1,am-will/codex-skills,false,english-normalized
agent,sql-expert,agents/sql-expert.toml,english,1,am-will/codex-skills,false,english-normalized
agent,sql-pro,agents/sql-pro.toml,english,2,"VoltAgent/awesome-codex-subagents,am-will/codex-skills",false,english-normalized
agent,sqlite-expert,agents/sqlite-expert.toml,english,1,am-will/codex-skills,false,english-normalized
agent,sqs-expert,agents/sqs-expert.toml,english,1,am-will/codex-skills,false,english-normalized
agent,sre-engineer,agents/sre-engineer.toml,english,1,VoltAgent/awesome-codex-subagents,false,english-normalized
agent,startup-analyst,agents/startup-analyst.toml,english,1,am-will/codex-skills,false,english-normalized
agent,stripe-expert,agents/stripe-expert.toml,english,1,am-will/codex-skills,false,english-normalized
agent,svelte-expert,agents/svelte-expert.toml,english,1,am-will/codex-skills,false,english-normalized
agent,swift-expert,agents/swift-expert.toml,english,2,"VoltAgent/awesome-codex-subagents,am-will/codex-skills",false,english-normalized
agent,swiftui-expert,agents/swiftui-expert.toml,english,1,am-will/codex-skills,false,english-normalized
agent,tag-agent,agents/tag-agent.toml,english,1,am-will/codex-skills,false,english-normalized
agent,tailwind-css-expert,agents/tailwind-css-expert.toml,english,1,am-will/codex-skills,false,english-normalized
agent,tailwind-expert,agents/tailwind-expert.toml,english,1,am-will/codex-skills,false,english-normalized
agent,task-decomposition-expert,agents/task-decomposition-expert.toml,english,1,am-will/codex-skills,false,english-normalized
agent,task-distributor,agents/task-distributor.toml,english,1,VoltAgent/awesome-codex-subagents,false,english-normalized
agent,tauri-expert,agents/tauri-expert.toml,english,1,am-will/codex-skills,false,english-normalized
agent,tdd-orchestrator,agents/tdd-orchestrator.toml,english,1,am-will/codex-skills,false,english-normalized
agent,tdd-test-writer,agents/tdd-test-writer.toml,english,1,am-will/codex-skills,false,english-normalized
agent,team-configurator,agents/team-configurator.toml,english,1,am-will/codex-skills,false,english-normalized
agent,team-debugger,agents/team-debugger.toml,english,1,am-will/codex-skills,false,english-normalized
agent,team-implementer,agents/team-implementer.toml,english,1,am-will/codex-skills,false,english-normalized
agent,team-lead,agents/team-lead.toml,english,1,am-will/codex-skills,false,english-normalized
agent,team-reviewer,agents/team-reviewer.toml,english,1,am-will/codex-skills,false,english-normalized
agent,tech-lead-orchestrator,agents/tech-lead-orchestrator.toml,english,1,am-will/codex-skills,false,english-normalized
agent,technical-researcher,agents/technical-researcher.toml,english,1,am-will/codex-skills,false,english-normalized
agent,technical-writer,agents/technical-writer.toml,english,1,VoltAgent/awesome-codex-subagents,false,english-normalized
agent,temporal-python-pro,agents/temporal-python-pro.toml,english,1,am-will/codex-skills,false,english-normalized
agent,tensorflow-expert,agents/tensorflow-expert.toml,english,1,am-will/codex-skills,false,english-normalized
agent,terraform-engineer,agents/terraform-engineer.toml,english,1,VoltAgent/awesome-codex-subagents,false,english-normalized
agent,terraform-expert,agents/terraform-expert.toml,english,1,am-will/codex-skills,false,english-normalized
agent,terraform-specialist,agents/terraform-specialist.toml,english,1,am-will/codex-skills,false,english-normalized
agent,terragrunt-expert,agents/terragrunt-expert.toml,english,1,VoltAgent/awesome-codex-subagents,false,english-normalized
agent,test-automator,agents/test-automator.toml,english,2,"VoltAgent/awesome-codex-subagents,am-will/codex-skills",false,english-normalized
agent,testcafe-expert,agents/testcafe-expert.toml,english,1,am-will/codex-skills,false,english-normalized
agent,tester,agents/tester.toml,english,1,am-will/codex-skills,false,english-normalized
agent,testing-expert,agents/testing-expert.toml,english,1,am-will/codex-skills,false,english-normalized
agent,text-comparison-validator,agents/text-comparison-validator.toml,english,1,am-will/codex-skills,false,english-normalized
agent,threat-modeling-expert,agents/threat-modeling-expert.toml,english,1,am-will/codex-skills,false,english-normalized
agent,timestamp-precision-specialist,agents/timestamp-precision-specialist.toml,english,1,am-will/codex-skills,false,english-normalized
agent,tooling-engineer,agents/tooling-engineer.toml,english,1,VoltAgent/awesome-codex-subagents,false,english-normalized
agent,trend-analyst,agents/trend-analyst.toml,english,1,VoltAgent/awesome-codex-subagents,false,english-normalized
agent,trpc-expert,agents/trpc-expert.toml,english,1,am-will/codex-skills,false,english-normalized
agent,tutorial-engineer,agents/tutorial-engineer.toml,english,1,am-will/codex-skills,false,english-normalized
agent,twitter-ai-influencer-manager,agents/twitter-ai-influencer-manager.toml,english,1,am-will/codex-skills,false,english-normalized
agent,typeorm-expert,agents/typeorm-expert.toml,english,1,am-will/codex-skills,false,english-normalized
agent,typescript-expert,agents/typescript-expert.toml,english,1,am-will/codex-skills,false,english-normalized
agent,typescript-pro,agents/typescript-pro.toml,english,2,"VoltAgent/awesome-codex-subagents,am-will/codex-skills",false,english-normalized
agent,ui-delivery-team,agents/ui-delivery-team.toml,english,1,am-will/codex-skills,false,english-normalized
agent,ui-designer,agents/ui-designer.toml,english,2,"VoltAgent/awesome-codex-subagents,am-will/codex-skills",false,english-normalized
agent,ui-engineer,agents/ui-engineer.toml,english,1,am-will/codex-skills,false,english-normalized
agent,ui-fixer,agents/ui-fixer.toml,english,1,VoltAgent/awesome-codex-subagents,false,english-normalized
agent,ui-ux-designer,agents/ui-ux-designer.toml,english,1,am-will/codex-skills,false,english-normalized
agent,ui-visual-validator,agents/ui-visual-validator.toml,english,1,am-will/codex-skills,false,english-normalized
agent,unity-developer,agents/unity-developer.toml,english,1,am-will/codex-skills,false,english-normalized
agent,url-context-validator,agents/url-context-validator.toml,english,1,am-will/codex-skills,false,english-normalized
agent,url-link-extractor,agents/url-link-extractor.toml,english,1,am-will/codex-skills,false,english-normalized
agent,ux-researcher,agents/ux-researcher.toml,english,1,VoltAgent/awesome-codex-subagents,false,english-normalized
agent,vector-database-engineer,agents/vector-database-engineer.toml,english,1,am-will/codex-skills,false,english-normalized
agent,vector-db-expert,agents/vector-db-expert.toml,english,1,am-will/codex-skills,false,english-normalized
agent,visual-analysis-ocr,agents/visual-analysis-ocr.toml,english,1,am-will/codex-skills,false,english-normalized
agent,vitest-expert,agents/vitest-expert.toml,english,1,am-will/codex-skills,false,english-normalized
agent,vue-component-architect,agents/vue-component-architect.toml,english,1,am-will/codex-skills,false,english-normalized
agent,vue-expert,agents/vue-expert.toml,english,2,"VoltAgent/awesome-codex-subagents,am-will/codex-skills",false,english-normalized
agent,vue-nuxt-expert,agents/vue-nuxt-expert.toml,english,1,am-will/codex-skills,false,english-normalized
agent,vue-state-manager,agents/vue-state-manager.toml,english,1,am-will/codex-skills,false,english-normalized
agent,web-scraping-expert,agents/web-scraping-expert.toml,english,1,am-will/codex-skills,false,english-normalized
agent,webpack-expert,agents/webpack-expert.toml,english,1,am-will/codex-skills,false,english-normalized
agent,websocket-engineer,agents/websocket-engineer.toml,english,1,VoltAgent/awesome-codex-subagents,false,english-normalized
agent,websocket-expert,agents/websocket-expert.toml,english,1,am-will/codex-skills,false,english-normalized
agent,windows-infra-admin,agents/windows-infra-admin.toml,english,1,VoltAgent/awesome-codex-subagents,false,english-normalized
agent,wordpress-developer,agents/wordpress-developer.toml,english,1,am-will/codex-skills,false,english-normalized
agent,wordpress-master,agents/wordpress-master.toml,english,1,VoltAgent/awesome-codex-subagents,false,english-normalized
agent,worker-high,agents/worker-high.toml,english,1,am-will/codex-skills,false,english-normalized
agent,worker-medium,agents/worker-medium.toml,english,1,am-will/codex-skills,false,english-normalized
agent,worker-mini,agents/worker-mini.toml,english,1,am-will/codex-skills,false,english-normalized
agent,worker-spark-high,agents/worker-spark-high.toml,english,1,am-will/codex-skills,false,english-normalized
agent,worker-spark-xhigh,agents/worker-spark-xhigh.toml,english,1,am-will/codex-skills,false,english-normalized
agent,worker-xhigh,agents/worker-xhigh.toml,english,1,am-will/codex-skills,false,english-normalized
agent,workflow-orchestrator,agents/workflow-orchestrator.toml,english,1,VoltAgent/awesome-codex-subagents,false,english-normalized
prompt,agent-activation-prompts,prompts/agent-activation-prompts.md,english,1,msitarzewski/agency-agents,false,english-normalized
prompt,app-store-changelog-default-prompt,prompts/app-store-changelog-default-prompt.md,english,1,Dimillian/Skills,false,english-normalized
prompt,codex-plan,prompts/codex-plan.md,english,1,am-will/codex-skills,false,english-normalized
prompt,design-image-prompt-engineer,prompts/design-image-prompt-engineer.md,english,1,msitarzewski/agency-agents,false,english-normalized
prompt,github-default-prompt,prompts/github-default-prompt.md,english,1,Dimillian/Skills,false,english-normalized
prompt,ios-debugger-agent-default-prompt,prompts/ios-debugger-agent-default-prompt.md,english,1,Dimillian/Skills,false,english-normalized
prompt,macos-swiftpm-packaging-default-prompt,prompts/macos-swiftpm-packaging-default-prompt.md,english,1,Dimillian/Skills,false,english-normalized
prompt,parallel-task,prompts/parallel-task.md,english,1,am-will/codex-skills,false,english-normalized
prompt,planner,prompts/planner.md,english,1,am-will/codex-skills,false,english-normalized
prompt,project-skill-audit-default-prompt,prompts/project-skill-audit-default-prompt.md,english,1,Dimillian/Skills,false,english-normalized
prompt,prompt-engineer,prompts/prompt-engineer.md,english,2,"VoltAgent/awesome-codex-subagents,am-will/codex-skills",false,english-normalized
prompt,prompts,prompts/prompts.md,english,1,am-will/codex-skills,false,english-normalized
prompt,react-component-performance-default-prompt,prompts/react-component-performance-default-prompt.md,english,1,Dimillian/Skills,false,english-normalized
prompt,readme,prompts/readme.md,english,1,am-will/codex-skills,false,english-normalized
prompt,skill,prompts/skill.md,english,1,proflead/codex-skills-library,false,english-normalized
prompt,swift-concurrency-expert-default-prompt,prompts/swift-concurrency-expert-default-prompt.md,english,1,Dimillian/Skills,false,english-normalized
prompt,swiftui-liquid-glass-default-prompt,prompts/swiftui-liquid-glass-default-prompt.md,english,1,Dimillian/Skills,false,english-normalized
prompt,swiftui-performance-audit-default-prompt,prompts/swiftui-performance-audit-default-prompt.md,english,1,Dimillian/Skills,false,english-normalized
prompt,swiftui-ui-patterns-default-prompt,prompts/swiftui-ui-patterns-default-prompt.md,english,1,Dimillian/Skills,false,english-normalized
prompt,swiftui-view-refactor-default-prompt,prompts/swiftui-view-refactor-default-prompt.md,english,1,Dimillian/Skills,false,english-normalized
skill,accessibility-basic-check,skills/accessibility-basic-check.md,english,1,proflead/codex-skills-library,false,english-normalized
skill,agent-browser,skills/agent-browser.md,english,1,am-will/codex-skills,false,english-normalized
skill,api-contract-checker,skills/api-contract-checker.md,english,1,proflead/codex-skills-library,false,english-normalized
skill,api-error-taxonomy,skills/api-error-taxonomy.md,english,1,proflead/codex-skills-library,false,english-normalized
skill,api-request-builder,skills/api-request-builder.md,english,1,proflead/codex-skills-library,false,english-normalized
skill,app-store-changelog,skills/app-store-changelog.md,english,1,Dimillian/Skills,false,english-normalized
skill,architecture-review,skills/architecture-review.md,english,1,proflead/codex-skills-library,false,english-normalized
skill,brand-guidelines,skills/brand-guidelines.md,english,1,ComposioHQ/awesome-codex-skills,false,english-normalized
skill,bug-repro-plan,skills/bug-repro-plan.md,english,1,proflead/codex-skills-library,false,english-normalized
skill,caching-strategy-helper,skills/caching-strategy-helper.md,english,1,proflead/codex-skills-library,false,english-normalized
skill,canvas-design,skills/canvas-design.md,english,1,ComposioHQ/awesome-codex-skills,false,english-normalized
skill,changelog-generator,skills/changelog-generator.md,english,1,ComposioHQ/awesome-codex-skills,false,english-normalized
skill,ci-failure-triage,skills/ci-failure-triage.md,english,1,proflead/codex-skills-library,false,english-normalized
skill,cli-ux-improver,skills/cli-ux-improver.md,english,1,proflead/codex-skills-library,false,english-normalized
skill,codebase-orientation,skills/codebase-orientation.md,english,1,proflead/codex-skills-library,false,english-normalized
skill,competitive-ads-extractor,skills/competitive-ads-extractor.md,english,1,ComposioHQ/awesome-codex-skills,false,english-normalized
skill,compliance-readiness,skills/compliance-readiness.md,english,1,proflead/codex-skills-library,false,english-normalized
skill,config-file-explainer,skills/config-file-explainer.md,english,1,proflead/codex-skills-library,false,english-normalized
skill,config-hardening,skills/config-hardening.md,english,1,proflead/codex-skills-library,false,english-normalized
skill,connect,skills/connect.md,english,1,ComposioHQ/awesome-codex-skills,false,english-normalized
skill,connect-apps,skills/connect-apps.md,english,1,ComposioHQ/awesome-codex-skills,false,english-normalized
skill,content-research-writer,skills/content-research-writer.md,english,1,ComposioHQ/awesome-codex-skills,false,english-normalized
skill,context7,skills/context7.md,english,1,am-will/codex-skills,false,english-normalized
skill,cost-optimization-review,skills/cost-optimization-review.md,english,1,proflead/codex-skills-library,false,english-normalized
skill,create-plan,skills/create-plan.md,english,1,ComposioHQ/awesome-codex-skills,false,english-normalized
skill,cross-service-debugger,skills/cross-service-debugger.md,english,1,proflead/codex-skills-library,false,english-normalized
skill,css-layout-helper,skills/css-layout-helper.md,english,1,proflead/codex-skills-library,false,english-normalized
skill,data-governance-check,skills/data-governance-check.md,english,1,proflead/codex-skills-library,false,english-normalized
skill,data-structure-chooser,skills/data-structure-chooser.md,english,1,proflead/codex-skills-library,false,english-normalized
skill,db-migration-reviewer,skills/db-migration-reviewer.md,english,1,proflead/codex-skills-library,false,english-normalized
skill,debugging-checklist,skills/debugging-checklist.md,english,1,proflead/codex-skills-library,false,english-normalized
skill,dependency-install-helper,skills/dependency-install-helper.md,english,1,proflead/codex-skills-library,false,english-normalized
skill,dependency-risk-audit,skills/dependency-risk-audit.md,english,1,proflead/codex-skills-library,false,english-normalized
skill,dependency-upgrade-plan,skills/dependency-upgrade-plan.md,english,1,proflead/codex-skills-library,false,english-normalized
skill,developer-growth-analysis,skills/developer-growth-analysis.md,english,1,ComposioHQ/awesome-codex-skills,false,english-normalized
skill,domain-modeling,skills/domain-modeling.md,english,1,proflead/codex-skills-library,false,english-normalized
skill,domain-name-brainstormer,skills/domain-name-brainstormer.md,english,1,ComposioHQ/awesome-codex-skills,false,english-normalized
skill,email-draft-polish,skills/email-draft-polish.md,english,1,ComposioHQ/awesome-codex-skills,false,english-normalized
skill,error-message-explainer,skills/error-message-explainer.md,english,1,proflead/codex-skills-library,false,english-normalized
skill,feature-flag-playbook,skills/feature-flag-playbook.md,english,1,proflead/codex-skills-library,false,english-normalized
skill,file-organizer,skills/file-organizer.md,english,1,ComposioHQ/awesome-codex-skills,false,english-normalized
skill,frontend-design,skills/frontend-design.md,english,1,am-will/codex-skills,false,english-normalized
skill,frontend-responsive-design-standards,skills/frontend-responsive-design-standards.md,english,1,am-will/codex-skills,false,english-normalized
skill,function-docstrings,skills/function-docstrings.md,english,1,proflead/codex-skills-library,false,english-normalized
skill,gemini-computer-use,skills/gemini-computer-use.md,english,1,am-will/codex-skills,false,english-normalized
skill,gh-address-comments,skills/gh-address-comments.md,english,1,ComposioHQ/awesome-codex-skills,false,english-normalized
skill,gh-fix-ci,skills/gh-fix-ci.md,english,1,ComposioHQ/awesome-codex-skills,false,english-normalized
skill,git-basic-helper,skills/git-basic-helper.md,english,1,proflead/codex-skills-library,false,english-normalized
skill,github,skills/github.md,english,1,Dimillian/Skills,false,english-normalized
skill,graphql-query-optimizer,skills/graphql-query-optimizer.md,english,1,proflead/codex-skills-library,false,english-normalized
skill,iac-reviewer,skills/iac-reviewer.md,english,1,proflead/codex-skills-library,false,english-normalized
skill,image-enhancer,skills/image-enhancer.md,english,1,ComposioHQ/awesome-codex-skills,false,english-normalized
skill,incident-postmortem,skills/incident-postmortem.md,english,1,proflead/codex-skills-library,false,english-normalized
skill,integration-test-planner,skills/integration-test-planner.md,english,1,proflead/codex-skills-library,false,english-normalized
skill,internal-comms,skills/internal-comms.md,english,1,ComposioHQ/awesome-codex-skills,false,english-normalized
skill,invoice-organizer,skills/invoice-organizer.md,english,1,ComposioHQ/awesome-codex-skills,false,english-normalized
skill,ios-debugger-agent,skills/ios-debugger-agent.md,english,1,Dimillian/Skills,false,english-normalized
skill,langsmith-fetch,skills/langsmith-fetch.md,english,1,ComposioHQ/awesome-codex-skills,false,english-normalized
skill,lead-research-assistant,skills/lead-research-assistant.md,english,1,ComposioHQ/awesome-codex-skills,false,english-normalized
skill,linear,skills/linear.md,english,1,ComposioHQ/awesome-codex-skills,false,english-normalized
skill,linter-fix-guide,skills/linter-fix-guide.md,english,1,proflead/codex-skills-library,false,english-normalized
skill,llm-council,skills/llm-council.md,english,1,am-will/codex-skills,false,english-normalized
skill,log-summarizer,skills/log-summarizer.md,english,1,proflead/codex-skills-library,false,english-normalized
skill,macos-spm-app-packaging,skills/macos-spm-app-packaging.md,english,1,Dimillian/Skills,false,english-normalized
skill,markdown-url,skills/markdown-url.md,english,1,am-will/codex-skills,false,english-normalized
skill,mcp-builder,skills/mcp-builder.md,english,1,ComposioHQ/awesome-codex-skills,false,english-normalized
skill,meeting-insights-analyzer,skills/meeting-insights-analyzer.md,english,1,ComposioHQ/awesome-codex-skills,false,english-normalized
skill,meeting-notes-and-actions,skills/meeting-notes-and-actions.md,english,1,ComposioHQ/awesome-codex-skills,false,english-normalized
skill,multi-region-strategy,skills/multi-region-strategy.md,english,1,proflead/codex-skills-library,false,english-normalized
skill,notion-knowledge-capture,skills/notion-knowledge-capture.md,english,1,ComposioHQ/awesome-codex-skills,false,english-normalized
skill,notion-meeting-intelligence,skills/notion-meeting-intelligence.md,english,1,ComposioHQ/awesome-codex-skills,false,english-normalized
skill,notion-research-documentation,skills/notion-research-documentation.md,english,1,ComposioHQ/awesome-codex-skills,false,english-normalized
skill,notion-spec-to-implementation,skills/notion-spec-to-implementation.md,english,1,ComposioHQ/awesome-codex-skills,false,english-normalized
skill,observability-setup,skills/observability-setup.md,english,1,proflead/codex-skills-library,false,english-normalized
skill,openai-docs-skill,skills/openai-docs-skill.md,english,1,am-will/codex-skills,false,english-normalized
skill,org-standardization,skills/org-standardization.md,english,1,proflead/codex-skills-library,false,english-normalized
skill,parallel,skills/parallel.md,english,1,am-will/codex-skills,false,english-normalized
skill,parallel-task,skills/parallel-task.md,english,1,am-will/codex-skills,false,english-normalized
skill,parallel-task-spark,skills/parallel-task-spark.md,english,1,am-will/codex-skills,false,english-normalized
skill,performance-budgeting,skills/performance-budgeting.md,english,1,proflead/codex-skills-library,false,english-normalized
skill,performance-trace-guide,skills/performance-trace-guide.md,english,1,proflead/codex-skills-library,false,english-normalized
skill,plan-harder,skills/plan-harder.md,english,1,am-will/codex-skills,false,english-normalized
skill,planner,skills/planner.md,english,1,am-will/codex-skills,false,english-normalized
skill,platform-migration-plan,skills/platform-migration-plan.md,english,1,proflead/codex-skills-library,false,english-normalized
skill,pr-reviewer,skills/pr-reviewer.md,english,1,proflead/codex-skills-library,false,english-normalized
skill,project-skill-audit,skills/project-skill-audit.md,english,1,Dimillian/Skills,false,english-normalized
skill,prompt-optimization,skills/prompt-optimization.md,english,1,proflead/codex-skills-library,false,english-normalized
skill,queue-processing-patterns,skills/queue-processing-patterns.md,english,1,proflead/codex-skills-library,false,english-normalized
skill,raffle-winner-picker,skills/raffle-winner-picker.md,english,1,ComposioHQ/awesome-codex-skills,false,english-normalized
skill,react-component-performance,skills/react-component-performance.md,english,1,Dimillian/Skills,false,english-normalized
skill,read-github,skills/read-github.md,english,1,am-will/codex-skills,false,english-normalized
skill,readme-polish,skills/readme-polish.md,english,1,proflead/codex-skills-library,false,english-normalized
skill,refactor-roadmap,skills/refactor-roadmap.md,english,1,proflead/codex-skills-library,false,english-normalized
skill,release-notes-drafter,skills/release-notes-drafter.md,english,1,proflead/codex-skills-library,false,english-normalized
skill,reliability-slo-sla,skills/reliability-slo-sla.md,english,1,proflead/codex-skills-library,false,english-normalized
skill,roadmap-prioritization,skills/roadmap-prioritization.md,english,1,proflead/codex-skills-library,false,english-normalized
skill,role-creator,skills/role-creator.md,english,1,am-will/codex-skills,false,english-normalized
skill,scalability-assessment,skills/scalability-assessment.md,english,1,proflead/codex-skills-library,false,english-normalized
skill,security-quick-scan,skills/security-quick-scan.md,english,1,proflead/codex-skills-library,false,english-normalized
skill,simple-refactor,skills/simple-refactor.md,english,1,proflead/codex-skills-library,false,english-normalized
skill,skill-creator,skills/skill-creator.md,english,1,ComposioHQ/awesome-codex-skills,false,english-normalized
skill,skill-installer,skills/skill-installer.md,english,1,ComposioHQ/awesome-codex-skills,false,english-normalized
skill,skill-share,skills/skill-share.md,english,1,ComposioHQ/awesome-codex-skills,false,english-normalized
skill,slack-gif-creator,skills/slack-gif-creator.md,english,1,ComposioHQ/awesome-codex-skills,false,english-normalized
skill,small-script-generator,skills/small-script-generator.md,english,1,proflead/codex-skills-library,false,english-normalized
skill,spreadsheet-formula-helper,skills/spreadsheet-formula-helper.md,english,1,ComposioHQ/awesome-codex-skills,false,english-normalized
skill,sql-query-starter,skills/sql-query-starter.md,english,1,proflead/codex-skills-library,false,english-normalized
skill,super-swarm-spark,skills/super-swarm-spark.md,english,1,am-will/codex-skills,false,english-normalized
skill,support-ticket-triage,skills/support-ticket-triage.md,english,1,ComposioHQ/awesome-codex-skills,false,english-normalized
skill,swarm-planner,skills/swarm-planner.md,english,1,am-will/codex-skills,false,english-normalized
skill,swift-concurrency-expert,skills/swift-concurrency-expert.md,english,1,Dimillian/Skills,false,english-normalized
skill,swiftui-liquid-glass,skills/swiftui-liquid-glass.md,english,1,Dimillian/Skills,false,english-normalized
skill,swiftui-performance-audit,skills/swiftui-performance-audit.md,english,1,Dimillian/Skills,false,english-normalized
skill,swiftui-ui-patterns,skills/swiftui-ui-patterns.md,english,1,Dimillian/Skills,false,english-normalized
skill,swiftui-view-refactor,skills/swiftui-view-refactor.md,english,1,Dimillian/Skills,false,english-normalized
skill,system-design-draft,skills/system-design-draft.md,english,1,proflead/codex-skills-library,false,english-normalized
skill,tailored-resume-generator,skills/tailored-resume-generator.md,english,1,ComposioHQ/awesome-codex-skills,false,english-normalized
skill,team-onboarding-guide,skills/team-onboarding-guide.md,english,1,proflead/codex-skills-library,false,english-normalized
skill,tech-debt-portfolio,skills/tech-debt-portfolio.md,english,1,proflead/codex-skills-library,false,english-normalized
skill,template-skill,skills/template-skill.md,english,1,ComposioHQ/awesome-codex-skills,false,english-normalized
skill,theme-factory,skills/theme-factory.md,english,1,ComposioHQ/awesome-codex-skills,false,english-normalized
skill,threat-modeling,skills/threat-modeling.md,english,1,proflead/codex-skills-library,false,english-normalized
skill,ticket-breakdown,skills/ticket-breakdown.md,english,1,proflead/codex-skills-library,false,english-normalized
skill,unit-test-starter,skills/unit-test-starter.md,english,1,proflead/codex-skills-library,false,english-normalized
skill,vendor-evaluation,skills/vendor-evaluation.md,english,1,proflead/codex-skills-library,false,english-normalized
skill,vercel-react-best-practices,skills/vercel-react-best-practices.md,english,1,am-will/codex-skills,false,english-normalized
skill,webapp-testing,skills/webapp-testing.md,english,1,ComposioHQ/awesome-codex-skills,false,english-normalized
skill,writing-assistant,skills/writing-assistant.md,english,1,proflead/codex-skills-library,false,english-normalized
skill,youtube-downloader,skills/youtube-downloader.md,english,1,ComposioHQ/awesome-codex-skills,false,english-normalized
skill,zero-downtime-migration,skills/zero-downtime-migration.md,english,1,proflead/codex-skills-library,false,english-normalized
